{
	"Curves" : 
	[
		{
			"Id" : "PARAM_LIGHT",
			"Segments" : 
			[
				0,
				0,
				2,
				0.16700000000000001,
				0,
				1,
				0.23400000000000001,
				0,
				0.29999999999999999,
				4.681,
				0.36699999999999999,
				16.518999999999998,
				1,
				0.378,
				18.492000000000001,
				0.38900000000000001,
				22.129000000000001,
				0.40000000000000002,
				22.129000000000001,
				1,
				0.44400000000000001,
				22.129000000000001,
				0.48899999999999999,
				22.341000000000001,
				0.53300000000000003,
				21.259,
				1,
				0.61099999999999999,
				19.366,
				0.68899999999999995,
				14.465,
				0.76700000000000002,
				14.465,
				0,
				0.93300000000000005,
				17.018999999999998,
				0,
				1.1000000000000001,
				14.465999999999999,
				0,
				1.2669999999999999,
				17.018999999999998,
				0,
				1.4330000000000001,
				14.465999999999999,
				0,
				1.6000000000000001,
				17.018999999999998,
				0,
				1.7669999999999999,
				14.465999999999999,
				0,
				1.9330000000000001,
				17.018999999999998,
				2,
				2,
				17.018999999999998
			],
			"Target" : "Parameter"
		},
		{
			"Id" : "Opacity",
			"Segments" : 
			[
				0,
				1,
				0,
				2,
				1
			],
			"Target" : "Model"
		}
	],
	"Meta" : 
	{
		"AreBeziersRestricted" : true,
		"CurveCount" : 2,
		"Duration" : 2.0,
		"Fps" : 30.0,
		"Loop" : true,
		"Repaired" : true,
		"TotalPointCount" : 24,
		"TotalSegmentCount" : 14,
		"TotalUserDataSize" : 0,
		"UserDataCount" : 0
	},
	"UserData" : [],
	"Version" : 3
}