{
	"Curves" : 
	[
		{
			"Id" : "Param5",
			"Segments" : 
			[
				0,
				0,
				1,
				0.16700000000000001,
				0,
				0.33300000000000002,
				0.29999999999999999,
				0.5,
				0.29999999999999999,
				1,
				0.61099999999999999,
				0.29999999999999999,
				0.72199999999999998,
				0.29999999999999999,
				0.83299999999999996,
				0.29999999999999999,
				1,
				1,
				0.29999999999999999,
				1.167,
				0,
				1.333,
				0,
				0,
				3.3330000000000002,
				0
			],
			"Target" : "Parameter"
		},
		{
			"Id" : "Param",
			"Segments" : 
			[
				0,
				0,
				1,
				0.16700000000000001,
				0,
				0.33300000000000002,
				-0.69999999999999996,
				0.5,
				-0.69999999999999996,
				1,
				0.61099999999999999,
				-0.69999999999999996,
				0.72199999999999998,
				-0.69999999999999996,
				0.83299999999999996,
				-0.69999999999999996,
				1,
				0.88900000000000001,
				-0.69999999999999996,
				0.94399999999999995,
				-1,
				1,
				-1,
				1,
				1.111,
				-1,
				1.222,
				1,
				1.333,
				1,
				1,
				1.444,
				1,
				1.556,
				1,
				1.667,
				1,
				1,
				1.7669999999999999,
				1,
				1.867,
				0,
				1.9670000000000001,
				0,
				0,
				3.3330000000000002,
				0
			],
			"Target" : "Parameter"
		}
	],
	"Meta" : 
	{
		"AreBeziersRestricted" : false,
		"CurveCount" : 2,
		"Duration" : 3.3330000000000002,
		"Fps" : 30.0,
		"Loop" : true,
		"Repaired" : true,
		"TotalPointCount" : 31,
		"TotalSegmentCount" : 11,
		"TotalUserDataSize" : 0,
		"UserDataCount" : 0
	},
	"Version" : 3
}